{
  "routes": [
    {
      "method": "GET",
      "path": "/newtables",
      "handler": "newtable.find",
      "config": {
        "policies": []
      }
    },
    {
      "method": "GET",
      "path": "/newtables/count",
      "handler": "newtable.count",
      "config": {
        "policies": []
      }
    },
    {
      "method": "GET",
      "path": "/newtables/:id",
      "handler": "newtable.findOne",
      "config": {
        "policies": []
      }
    },
    {
      "method": "POST",
      "path": "/newtables",
      "handler": "newtable.create",
      "config": {
        "policies": []
      }
    },
    {
      "method": "PUT",
      "path": "/newtables/:id",
      "handler": "newtable.update",
      "config": {
        "policies": []
      }
    },
    {
      "method": "DELETE",
      "path": "/newtables/:id",
      "handler": "newtable.delete",
      "config": {
        "policies": []
      }
    }
  ]
}
